,fips,margin
0,01001,1.4442000000000002
1,01003,1.5376
2,01005,1.0766
3,01007,1.5774
4,01009,1.8
5,01011,0.4986
6,01013,1.1575000000000002
7,01015,1.3901
8,01017,1.1562999999999999
9,01019,1.7282
10,01021,1.6739
11,01023,1.1567
12,01025,1.1195
13,01027,1.6253000000000002
14,01029,1.8037999999999998
15,01031,1.5309000000000001
16,01033,1.3894
17,01035,1.0739
18,01037,1.3349
19,01039,1.6806999999999999
20,01041,1.4782
21,01043,1.7742
22,01045,1.4626000000000001
23,01047,0.37539999999999996
24,01049,1.6979
25,01051,1.4826
26,01053,1.3741
27,01055,1.5021
28,01057,1.6737
29,01059,1.6589999999999998
30,01061,1.7375
31,01063,0.6302
32,01065,0.18630000000000008
33,01067,1.4303
34,01069,1.4266
35,01071,1.6749
36,01073,0.13149999999999995
37,01075,1.7223
38,01077,1.4467
39,01079,1.5463999999999998
40,01081,1.2008999999999999
41,01083,1.4259
42,01085,0.4588000000000001
43,01087,0.6382999999999999
44,01089,1.0795
45,01091,0.013299999999999867
46,01093,1.7781
47,01095,1.6871
48,01097,1.1188
49,01099,1.1586
50,01101,0.31490000000000007
51,01103,1.4918999999999998
52,01105,0.4819
53,01107,1.1626
54,01109,1.1738
55,01111,1.5865
56,01113,0.06389999999999996
57,01115,1.6395
58,01117,1.4038
59,01119,0.4848
60,01121,1.2551
61,01123,1.4337
62,01125,1.1481
63,01127,1.6791
64,01129,1.4851
65,01131,0.3752999999999999
66,01133,1.8172
67,04001,0.33609999999999995
68,04003,1.1948999999999999
69,04005,0.23959999999999998
70,04007,1.3401999999999998
71,04009,1.4467999999999999
72,04011,1.3385
73,04012,1.3871
74,04013,0.02169999999999994
75,04015,1.5121
76,04017,1.0823
77,04019,0.1862999999999999
78,04021,1.1724
79,04023,0.35470000000000007
80,04025,1.2919
81,04027,1.0617999999999999
82,05001,1.395
83,05003,1.4319
84,05005,1.5331000000000001
85,05007,1.2644
86,05009,1.6187
87,05011,1.3067
88,05013,1.5303
89,05015,1.2883
90,05017,0.12379999999999991
91,05019,1.1404
92,05021,1.6026
93,05023,1.6577
94,05025,1.6156
95,05027,1.3117
96,05029,1.3544999999999998
97,05031,1.3541999999999998
98,05033,1.5666
99,05035,0.07219999999999999
100,05037,1.4573
101,05039,1.2303
102,05041,0.022699999999999942
103,05043,1.2785000000000002
104,05045,1.2953
105,05047,1.6139000000000001
106,05049,1.5716
107,05051,1.3398999999999999
108,05053,1.6738
109,05055,1.5971000000000002
110,05057,1.3403999999999998
111,05059,1.4873
112,05061,1.4193
113,05063,1.5817999999999999
114,05065,1.6214
115,05067,1.4377
116,05069,0.21710000000000007
117,05071,1.4902000000000002
118,05073,1.3426
119,05075,1.5957
120,05077,0.04800000000000004
121,05079,1.4380000000000002
122,05081,1.4808
123,05083,1.5954000000000002
124,05085,1.5282
125,05087,1.5571000000000002
126,05089,1.5668000000000002
127,05091,1.4644
128,05093,1.2218999999999998
129,05095,1.1414
130,05097,1.5977999999999999
131,05099,1.3148
132,05101,1.6211
133,05103,1.1349
134,05105,1.5332
135,05107,0.19320000000000004
136,05109,1.6770999999999998
137,05111,1.5976000000000001
138,05113,1.6818
139,05115,1.5039
140,05117,1.6099
141,05119,0.22499999999999998
142,05121,1.6077
143,05123,0.0509
144,05125,1.4126
145,05127,1.6981
146,05129,1.691
147,05131,1.3545
148,05133,1.532
149,05135,1.6
150,05137,1.5787
151,05139,1.2946
152,05141,1.5689000000000002
153,05143,1.0390000000000001
154,05145,1.5895000000000001
155,05147,1.2774999999999999
156,05149,1.5849
157,06001,0.6222000000000001
158,06003,0.3111
159,06005,1.2426
160,06007,0.019400000000000084
161,06009,1.2374
162,06011,1.1659
163,06013,0.4533000000000001
164,06015,1.1557000000000002
165,06017,1.088
166,06019,0.07840000000000003
167,06021,1.2715999999999998
168,06023,0.33120000000000005
169,06025,0.24369999999999997
170,06027,0.0014999999999998903
171,06029,1.1019999999999999
172,06031,1.1224999999999998
173,06033,0.06279999999999991
174,06035,1.5123000000000002
175,06037,0.4417000000000001
176,06039,1.1157
177,06041,0.6654000000000001
178,06043,1.1811
179,06045,0.35800000000000004
180,06047,0.1054
181,06049,1.4485
182,06051,0.2227
183,06053,0.41280000000000006
184,06055,0.404
185,06057,0.14689999999999998
186,06059,0.09040000000000009
187,06061,1.0664
188,06063,1.1674
189,06065,0.07930000000000009
190,06067,0.25260000000000005
191,06069,0.2440000000000001
192,06071,0.10660000000000008
193,06073,0.22749999999999992
194,06075,0.7254
195,06077,0.1382000000000001
196,06079,0.13059999999999988
197,06081,0.5770000000000001
198,06083,0.3189
199,06085,0.4741000000000001
200,06087,0.5994999999999999
201,06089,1.3312
202,06091,1.2115
203,06093,1.1575000000000002
204,06095,0.30149999999999993
205,06097,0.5147999999999999
206,06099,0.007799999999999974
207,06101,1.1644
208,06103,1.356
209,06105,1.0532000000000001
210,06107,1.0782
211,06109,1.1878
212,06111,0.21080000000000004
213,06113,0.41429999999999995
214,06115,1.2163
215,08001,0.16289999999999993
216,08003,1.0068
217,08005,0.24639999999999995
218,08007,1.1587
219,08009,1.6965999999999999
220,08011,1.339
221,08013,0.5657000000000001
222,08014,0.27400000000000013
223,08015,0.06830000000000008
224,08017,1.7588
225,08019,0.12980000000000003
226,08021,1.0755
227,08023,0.2723
228,08025,1.4766
229,08027,1.3747
230,08029,1.3714
231,08031,0.6135999999999999
232,08033,1.5163000000000002
233,08035,1.0716999999999999
234,08037,0.29840000000000005
235,08039,1.5023
236,08041,1.108
237,08043,1.3971
238,08045,0.022999999999999965
239,08047,0.09330000000000005
240,08049,1.0174999999999998
241,08051,0.3036999999999999
242,08053,1.155
243,08055,1.0288
244,08057,1.5776
245,08059,0.18549999999999994
246,08061,1.7719
247,08063,1.6412
248,08065,0.20340000000000003
249,08067,0.17699999999999988
250,08069,0.1544000000000001
251,08071,1.0988
252,08073,1.6282
253,08075,1.5574000000000001
254,08077,1.2798
255,08079,1.1455
256,08081,1.6358000000000001
257,08083,1.2239
258,08085,1.3645
259,08087,1.416
260,08089,1.2247
261,08091,0.19600000000000006
262,08093,1.1699
263,08095,1.5923
264,08097,0.5193000000000001
265,08099,1.4585
266,08101,0.017199999999999993
267,08103,1.6773
268,08105,1.1848
269,08107,0.2759
270,08109,0.1388999999999999
271,08111,0.2490000000000001
272,08113,0.5417
273,08115,1.567
274,08117,0.3955
275,08119,1.3519999999999999
276,08121,1.74
277,08123,1.1802
278,08125,1.6669
279,09001,0.2716
280,09003,0.2767000000000001
281,09005,1.0505
282,09007,0.16299999999999992
283,09009,0.17410000000000003
284,09011,0.16010000000000008
285,09013,0.11540000000000006
286,09015,1.0426
287,10001,0.040600000000000025
288,10003,0.37090000000000006
289,10005,1.1124999999999998
290,12001,0.2708
291,12003,1.7011
292,12005,1.4343
293,12007,1.5255999999999998
294,12009,1.164
295,12011,0.29740000000000005
296,12013,1.6219
297,12015,1.2656999999999998
298,12017,1.4097
299,12019,1.3702999999999999
300,12021,1.2464
301,12023,1.4509
302,12027,1.3198
303,12029,1.66
304,12031,0.03810000000000002
305,12033,1.1505999999999998
306,12035,1.2071999999999998
307,12037,1.3725
308,12039,0.3656999999999999
309,12041,1.6383999999999999
310,12043,1.4607
311,12045,1.5051
312,12047,1.3172
313,12049,1.4498
314,12051,1.2296999999999998
315,12053,1.3014000000000001
316,12055,1.3433
317,12057,0.06860000000000005
318,12059,1.7884
319,12061,1.2150999999999998
320,12063,1.3883999999999999
321,12065,1.0687000000000002
322,12067,1.7149999999999999
323,12069,1.2004000000000001
324,12071,1.1915
325,12073,0.28169999999999995
326,12075,1.4548
327,12077,1.6036000000000001
328,12079,1.1947
329,12081,1.1601
330,12083,1.2587
331,12085,1.2452999999999999
332,12086,0.07330000000000003
333,12087,1.0793000000000001
334,12089,1.4583
335,12091,1.3901
336,12093,1.443
337,12095,0.2305000000000001
338,12097,0.1378000000000001
339,12099,0.12759999999999994
340,12101,1.2002000000000002
341,12103,0.0021999999999999797
342,12105,1.144
343,12107,1.4115
344,12109,1.2659
345,12111,1.0156
346,12113,1.4643
347,12115,1.1041
348,12117,0.027800000000000102
349,12119,1.3608
350,12121,1.5657
351,12123,1.5376999999999998
352,12125,1.6526
353,12127,1.1405
354,12129,1.4079
355,12131,1.5162
356,12133,1.6103
357,13001,1.5705
358,13003,1.4675
359,13005,1.7268
360,13007,1.1575
361,13009,0.012899999999999912
362,13011,1.7795
363,13013,1.431
364,13015,1.5067
365,13017,1.2616999999999998
366,13019,1.665
367,13021,0.23799999999999988
368,13023,1.5283
369,13025,1.8119999999999998
370,13027,1.2071
371,13029,1.3514
372,13031,1.2371
373,13033,1.0179999999999998
374,13035,1.4358
375,13037,0.1547
376,13039,1.3073
377,13043,1.4206999999999999
378,13045,1.3897
379,13047,1.559
380,13049,1.5066000000000002
381,13051,0.18740000000000012
382,13053,1.1347
383,13055,1.6176
384,13057,1.3921999999999999
385,13059,0.4202000000000001
386,13061,0.1071999999999999
387,13063,0.7087000000000001
388,13065,1.4755
389,13067,0.1430999999999999
390,13069,1.3988
391,13071,1.4717
392,13073,1.2578999999999998
393,13075,1.4037000000000002
394,13077,1.3552
395,13079,1.4611
396,13081,1.2491999999999999
397,13083,1.6453
398,13085,1.6784
399,13087,1.1696
400,13089,0.6735
401,13091,1.4548999999999999
402,13093,1.0604
403,13095,0.4004000000000001
404,13097,0.25099999999999995
405,13099,1.0502
406,13101,1.7551999999999999
407,13103,1.4954
408,13105,1.3647
409,13107,1.3858000000000001
410,13109,1.3680999999999999
411,13111,1.6463999999999999
412,13113,1.068
413,13115,1.4106999999999998
414,13117,1.3316000000000001
415,13119,1.6944000000000001
416,13121,0.46380000000000005
417,13123,1.635
418,13125,1.7967
419,13127,1.2318
420,13129,1.6248
421,13131,1.319
422,13133,1.265
423,13135,0.18239999999999995
424,13137,1.6397
425,13139,1.4321000000000002
426,13141,0.43870000000000003
427,13143,1.7397
428,13145,1.4430999999999998
429,13147,1.4954
430,13149,1.6851
431,13151,0.20469999999999994
432,13153,1.1241999999999999
433,13155,1.51
434,13157,1.5802
435,13159,1.531
436,13161,1.6350000000000002
437,13163,0.06820000000000004
438,13165,1.2590999999999999
439,13167,1.397
440,13169,1.3385
441,13171,1.4102
442,13173,1.4166
443,13175,1.2824999999999998
444,13177,1.4455999999999998
445,13179,0.2405000000000001
446,13181,1.3752
447,13183,1.2635
448,13185,1.1202
449,13187,1.5813
450,13189,1.1914
451,13191,1.2098
452,13193,0.23049999999999998
453,13195,1.5295
454,13197,1.2655999999999998
455,13199,1.2055
456,13201,1.4651
457,13205,1.1051
458,13207,1.4278
459,13209,1.4990999999999999
460,13211,1.4165999999999999
461,13213,1.6913
462,13215,0.24009999999999998
463,13217,0.10910000000000009
464,13219,1.3346999999999998
465,13221,1.3873000000000002
466,13223,1.2905
467,13225,1.0464
468,13227,1.6573
469,13229,1.7513
470,13231,1.7108999999999999
471,13233,1.5707
472,13235,1.3883999999999999
473,13237,1.4084
474,13239,1.0967
475,13241,1.5735
476,13243,0.09149999999999991
477,13245,0.3712999999999999
478,13247,0.40759999999999996
479,13249,1.5881
480,13251,1.1892
481,13253,1.3491
482,13255,1.2077
483,13257,1.5873
484,13259,0.19149999999999995
485,13261,0.04790000000000011
486,13263,0.20489999999999997
487,13265,0.21650000000000008
488,13267,1.4877
489,13269,1.2686
490,13271,1.3085
491,13273,0.08420000000000005
492,13275,1.1947
493,13277,1.3357
494,13279,1.4522000000000002
495,13281,1.6058000000000001
496,13283,1.3734
497,13285,1.2184
498,13287,1.2479
499,13289,1.0734
500,13291,1.633
501,13293,1.3412
502,13295,1.5925
503,13297,1.4923000000000002
504,13299,1.404
505,13301,0.1140000000000001
506,13303,0.007899999999999907
507,13305,1.571
508,13307,1.0776
509,13309,1.3913
510,13311,1.6616
511,13313,1.407
512,13315,1.4699
513,13317,1.1317000000000002
514,13319,1.1239
515,13321,1.4777
516,16001,1.0388000000000002
517,16003,1.5221
518,16005,1.2175
519,16007,1.7733
520,16009,1.5831
521,16011,1.5587
522,16013,0.3678
523,16015,1.473
524,16017,1.3678
525,16019,1.436
526,16021,1.5882999999999998
527,16023,1.7167000000000001
528,16025,1.5311
529,16027,1.3965
530,16029,1.7245
531,16031,1.6688999999999998
532,16033,1.7170999999999998
533,16035,1.5829
534,16037,1.5426000000000002
535,16039,1.4548
536,16041,1.7785
537,16043,1.677
538,16045,1.6159
539,16047,1.5622
540,16049,1.6520000000000001
541,16051,1.7359999999999998
542,16053,1.4900000000000002
543,16055,1.4286
544,16057,0.0371999999999999
545,16059,1.5403
546,16061,1.6097000000000001
547,16063,1.5435
548,16065,1.6356000000000002
549,16067,1.5899
550,16069,1.3360999999999998
551,16071,1.7744
552,16073,1.6332
553,16075,1.5933
554,16077,1.4054
555,16079,1.4171
556,16081,0.07219999999999993
557,16083,1.4521000000000002
558,16085,1.1374
559,16087,1.5763
560,17001,1.4649
561,17003,1.142
562,17005,1.4086999999999998
563,17007,1.1335
564,17009,1.5724
565,17011,1.2139
566,17013,1.4936
567,17015,1.2933
568,17017,1.3773
569,17019,0.22789999999999994
570,17021,1.4453
571,17023,1.5057
572,17025,1.6522
573,17027,1.5107000000000002
574,17029,1.2632999999999999
575,17031,0.5021
576,17033,1.5128
577,17035,1.5913
578,17037,0.05699999999999994
579,17039,1.4281
580,17041,1.4442
581,17043,0.17970000000000003
582,17045,1.5243
583,17047,1.6964
584,17049,1.5917
585,17051,1.6181999999999999
586,17053,1.4729
587,17055,1.4748
588,17057,1.2012
589,17059,1.5223
590,17061,1.5485000000000002
591,17063,1.2577
592,17065,1.6033000000000002
593,17067,1.4882
594,17069,1.5744
595,17071,1.3301
596,17073,1.2141000000000002
597,17075,1.5674
598,17077,0.012900000000000023
599,17079,1.6242
600,17081,1.4512
601,17083,1.4808000000000001
602,17085,1.1642000000000001
603,17087,1.5857
604,17089,0.1441
605,17091,1.1651
606,17093,0.05729999999999991
607,17095,1.0564
608,17097,0.23960000000000004
609,17099,1.1429
610,17101,1.5398
611,17103,1.1961
612,17105,1.4411
613,17107,1.3973
614,17109,1.165
615,17111,1.0249000000000001
616,17113,0.03920000000000007
617,17115,1.1766
618,17117,1.3651
619,17119,1.1321999999999999
620,17121,1.4661
621,17123,1.3455
622,17125,1.3933
623,17127,1.4799
624,17129,1.3944
625,17131,1.2398
626,17133,1.3571
627,17135,1.4099
628,17137,1.3178
629,17139,1.4888
630,17141,1.259
631,17143,0.06350000000000006
632,17145,1.4667
633,17147,1.2964
634,17149,1.6087
635,17151,1.5925
636,17153,1.3072000000000001
637,17155,1.1928999999999998
638,17157,1.502
639,17159,1.5274
640,17161,0.12090000000000006
641,17163,0.08699999999999991
642,17165,1.4792
643,17167,1.0435
644,17169,1.4353
645,17171,1.5622
646,17173,1.5713
647,17175,1.412
648,17177,1.1568
649,17179,1.2555
650,17181,1.4022
651,17183,1.3288
652,17185,1.5323000000000002
653,17187,1.2001
654,17189,1.5648
655,17191,1.7046000000000001
656,17193,1.5752
657,17195,1.0828
658,17197,0.08310000000000001
659,17199,1.3734000000000002
660,17201,0.024900000000000033
661,17203,1.4019
662,18001,1.5232999999999999
663,18003,1.1115
664,18005,1.2610999999999999
665,18007,1.4855
666,18009,1.4601
667,18011,1.1837
668,18013,1.3051
669,18015,1.5110000000000001
670,18017,1.4111
671,18019,1.1821
672,18021,1.5656999999999999
673,18023,1.4608999999999999
674,18025,1.43
675,18027,1.6187
676,18029,1.5537
677,18031,1.58
678,18033,1.4716
679,18035,1.1313
680,18037,1.4009
681,18039,1.2795999999999998
682,18041,1.5438
683,18043,1.1406
684,18045,1.5661
685,18047,1.6286
686,18049,1.4825
687,18051,1.4823
688,18053,1.3867
689,18055,1.5209000000000001
690,18057,1.0678
691,18059,1.3742
692,18061,1.4558
693,18063,1.2389000000000001
694,18065,1.4511
695,18067,1.3236
696,18069,1.4976
697,18071,1.5330000000000001
698,18073,1.4902000000000002
699,18075,1.5238999999999998
700,18077,1.3348
701,18079,1.5674000000000001
702,18081,1.3403
703,18083,1.4735
704,18085,1.5055
705,18087,1.5404
706,18089,0.15019999999999994
707,18091,1.0722
708,18093,1.505
709,18095,1.2254
710,18097,0.2904999999999999
711,18099,1.4075
712,18101,1.5855
713,18103,1.5306000000000002
714,18105,0.28169999999999995
715,18107,1.4912
716,18109,1.5448000000000002
717,18111,1.5195
718,18113,1.4962
719,18115,1.5190000000000001
720,18117,1.4758999999999998
721,18119,1.4907
722,18121,1.5549
723,18123,1.2452
724,18125,1.5264000000000002
725,18127,1.0606
726,18129,1.4062
727,18131,1.4787000000000001
728,18133,1.5012
729,18135,1.5232999999999999
730,18137,1.5938
731,18139,1.5391
732,18141,0.05850000000000011
733,18143,1.4546999999999999
734,18145,1.4769
735,18147,1.3840999999999999
736,18149,1.4670999999999998
737,18151,1.4211
738,18153,1.5038
739,18155,1.5215
740,18157,0.006000000000000061
741,18159,1.5264
742,18161,1.5591
743,18163,1.0957
744,18165,1.4057000000000002
745,18167,1.147
746,18169,1.4977999999999998
747,18171,1.5425
748,18173,1.2774999999999999
749,18175,1.5215
750,18177,1.2906
751,18179,1.5631
752,18181,1.4403000000000001
753,18183,1.4906
754,19001,1.4114
755,19003,1.4351
756,19005,1.291
757,19007,1.4021
758,19009,1.358
759,19011,1.2751
760,19013,0.0902
761,19015,1.1559
762,19017,1.1606
763,19019,1.209
764,19021,1.2566
765,19023,1.3851
766,19025,1.422
767,19027,1.3779
768,19029,1.3803999999999998
769,19031,1.1703999999999999
770,19033,1.0632000000000001
771,19035,1.3925
772,19037,1.3130000000000002
773,19039,1.3592
774,19041,1.3874
775,19043,1.2882
776,19045,1.1032
777,19047,1.3681999999999999
778,19049,1.0198
779,19051,1.4923
780,19053,1.3929
781,19055,1.3508
782,19057,1.0852000000000002
783,19059,1.3359
784,19061,1.0290000000000001
785,19063,1.3596
786,19065,1.2268
787,19067,1.1941
788,19069,1.3502
789,19071,1.4228999999999998
790,19073,1.2875
791,19075,1.3742
792,19077,1.3589
793,19079,1.2659
794,19081,1.4386
795,19083,1.3197
796,19085,1.3837
797,19087,1.3238
798,19089,1.2733
799,19091,1.4462
800,19093,1.5099
801,19095,1.2527
802,19097,1.2614999999999998
803,19099,1.2154
804,19101,1.0138
805,19103,0.43229999999999996
806,19105,1.2147999999999999
807,19107,1.4493
808,19109,1.3937
809,19111,1.1930999999999998
810,19113,0.13750000000000007
811,19115,1.3327
812,19117,1.4324999999999999
813,19119,1.6762000000000001
814,19121,1.3434
815,19123,1.4739
816,19125,1.3371
817,19127,1.0768
818,19129,1.3721999999999999
819,19131,1.2790000000000001
820,19133,1.3894000000000002
821,19135,1.464
822,19137,1.3898
823,19139,1.0701999999999998
824,19141,1.5684
825,19143,1.6277
826,19145,1.4295
827,19147,1.3733
828,19149,1.4932
829,19151,1.4950999999999999
830,19153,0.1524000000000001
831,19155,1.1678
832,19157,1.1333
833,19159,1.4638
834,19161,1.4828000000000001
835,19163,0.035100000000000076
836,19165,1.4029
837,19167,1.6647
838,19169,0.173
839,19171,1.1907999999999999
840,19173,1.5285
841,19175,1.315
842,19177,1.5234
843,19179,1.2363
844,19181,1.1678
845,19183,1.2048
846,19185,1.5182
847,19187,1.2426
848,19189,1.2631999999999999
849,19191,1.0512000000000001
850,19193,1.1549
851,19195,1.2584
852,19197,1.3421
853,20001,1.4495
854,20003,1.5661999999999998
855,20005,1.3423
856,20007,1.7356
857,20009,1.5621
858,20011,1.5215999999999998
859,20013,1.4827
860,20015,1.4137
861,20017,1.5217999999999998
862,20019,1.7238
863,20021,1.4996999999999998
864,20023,1.6711999999999998
865,20025,1.7130999999999998
866,20027,1.5459
867,20029,1.5447
868,20031,1.5531
869,20033,1.6944
870,20035,1.3782
871,20037,1.2311
872,20039,1.6955999999999998
873,20041,1.5417999999999998
874,20043,1.6175
875,20045,0.392
876,20047,1.6078999999999999
877,20049,1.6943000000000001
878,20051,1.4345
879,20053,1.5258
880,20055,1.2457
881,20057,1.3203
882,20059,1.3839
883,20061,1.1395
884,20063,1.7647
885,20065,1.6373
886,20067,1.5670000000000002
887,20069,1.6861000000000002
888,20071,1.7348000000000001
889,20073,1.6094
890,20075,1.6484999999999999
891,20077,1.6375
892,20079,1.1974
893,20081,1.6056
894,20083,1.6899000000000002
895,20085,1.4005
896,20087,1.321
897,20089,1.7218
898,20091,0.08199999999999996
899,20093,1.6165
900,20095,1.6021999999999998
901,20097,1.7073
902,20099,1.3596
903,20101,1.7229
904,20103,1.2115999999999998
905,20105,1.6440000000000001
906,20107,1.6246
907,20109,1.7292
908,20111,1.1064
909,20113,1.4037000000000002
910,20115,1.4825
911,20117,1.4829999999999999
912,20119,1.6904
913,20121,1.3925
914,20123,1.6276
915,20125,1.4993
916,20127,1.4813
917,20129,1.7379
918,20131,1.6574
919,20133,1.4615
920,20135,1.7865
921,20137,1.6804
922,20139,1.4441
923,20141,1.693
924,20143,1.6593
925,20145,1.5118
926,20147,1.7552
927,20149,1.4693
928,20151,1.5257999999999998
929,20153,1.6961
930,20155,1.3407
931,20157,1.6616
932,20159,1.5318999999999998
933,20161,0.04580000000000001
934,20163,1.7358000000000002
935,20165,1.6291000000000002
936,20167,1.6316
937,20169,1.3049
938,20171,1.7286000000000001
939,20173,1.1179999999999999
940,20175,1.2906
941,20177,0.029900000000000038
942,20179,1.7854999999999999
943,20181,1.6866999999999999
944,20183,1.6703
945,20185,1.6333
946,20187,1.6004
947,20189,1.7499
948,20191,1.5046
949,20193,1.6574
950,20195,1.6877
951,20197,1.482
952,20199,1.8799000000000001
953,20201,1.6548
954,20203,1.6808
955,20205,1.6145
956,20207,1.6041
957,20209,0.3127999999999999
958,21001,1.6709999999999998
959,21003,1.6348
960,21005,1.4763
961,21007,1.599
962,21009,1.4749
963,21011,1.4289
964,21013,1.6322
965,21015,1.3569
966,21017,1.2999999999999998
967,21019,1.3315000000000001
968,21021,1.2469000000000001
969,21023,1.6118999999999999
970,21025,1.5236
971,21027,1.5245
972,21029,1.48
973,21031,1.6336
974,21033,1.5398
975,21035,1.3182
976,21037,1.1863
977,21039,1.6429
978,21041,1.4444
979,21043,1.5293999999999999
980,21045,1.7337
981,21047,1.2842
982,21049,1.3201
983,21051,1.7701000000000002
984,21053,1.7455
985,21055,1.6411
986,21057,1.6833
987,21059,1.2788
988,21061,1.5872
989,21063,1.5122
990,21065,1.5726
991,21067,0.20760000000000006
992,21069,1.5745
993,21071,1.5116
994,21073,1.0095
995,21075,1.3347
996,21077,1.5541
997,21079,1.5656
998,21081,1.587
999,21083,1.5669
1000,21085,1.5884
1001,21087,1.6741000000000001
1002,21089,1.4506999999999999
1003,21091,1.391
1004,21093,1.2398
1005,21095,1.7176
1006,21097,1.4441
1007,21099,1.5302
1008,21101,1.246
1009,21103,1.4564000000000001
1010,21105,1.5711
1011,21107,1.4797
1012,21109,1.7930000000000001
1013,21111,0.20029999999999998
1014,21113,1.3245
1015,21115,1.6713
1016,21117,1.1929
1017,21119,1.5388
1018,21121,1.6705
1019,21123,1.5726999999999998
1020,21125,1.6674
1021,21127,1.6319
1022,21129,1.6398000000000001
1023,21131,1.8052000000000001
1024,21133,1.594
1025,21135,1.7076
1026,21137,1.5713000000000001
1027,21139,1.6138
1028,21141,1.4836999999999998
1029,21143,1.4748999999999999
1030,21145,1.3167
1031,21147,1.7672
1032,21149,1.5351000000000001
1033,21151,1.2677999999999998
1034,21153,1.5434
1035,21155,1.3798
1036,21157,1.5240999999999998
1037,21159,1.7858
1038,21161,1.3914
1039,21163,1.4644
1040,21165,1.5032
1041,21167,1.4663
1042,21169,1.5954000000000002
1043,21171,1.7449999999999999
1044,21173,1.4177
1045,21175,1.5639
1046,21177,1.4884000000000002
1047,21179,1.3661
1048,21181,1.4279
1049,21183,1.5550000000000002
1050,21185,1.2145000000000001
1051,21187,1.5853
1052,21189,1.7673
1053,21191,1.6055
1054,21193,1.5433
1055,21195,1.607
1056,21197,1.4858
1057,21199,1.6266
1058,21201,1.5507
1059,21203,1.6991999999999998
1060,21205,1.21
1061,21207,1.6909
1062,21209,1.2485
1063,21211,1.2963
1064,21213,1.3673
1065,21215,1.5429
1066,21217,1.5124
1067,21219,1.5327
1068,21221,1.5011
1069,21223,1.5128
1070,21225,1.5224
1071,21227,1.168
1072,21229,1.4559
1073,21231,1.6201
1074,21233,1.5163
1075,21235,1.6522000000000001
1076,21237,1.4222
1077,21239,1.1204
1078,22001,1.6034000000000002
1079,22003,1.5572
1080,22005,1.3255000000000001
1081,22007,1.3061
1082,22009,1.4077
1083,22011,1.6744999999999999
1084,22013,1.1168
1085,22015,1.41
1086,22017,0.0676
1087,22019,1.3519
1088,22021,1.6784
1089,22023,1.8287
1090,22025,1.4677
1091,22027,1.1578
1092,22029,1.2688000000000001
1093,22031,1.2479
1094,22033,0.13050000000000006
1095,22035,0.27
1096,22037,1.1697
1097,22039,1.4474
1098,22041,1.4437
1099,22043,1.7409999999999999
1100,22045,1.3125
1101,22047,0.037099999999999966
1102,22049,1.426
1103,22051,1.1109
1104,22053,1.5535
1105,22055,1.2866
1106,22057,1.6025999999999998
1107,22059,1.811
1108,22061,1.1945999999999999
1109,22063,1.6995
1110,22065,0.15500000000000003
1111,22067,1.1352
1112,22069,1.1487
1113,22071,0.6816
1114,22073,1.2362
1115,22075,1.3631000000000002
1116,22077,1.2280000000000002
1117,22079,1.3205
1118,22081,1.1862
1119,22083,1.3403
1120,22085,1.6648
1121,22087,1.2849
1122,22089,1.2957999999999998
1123,22091,0.10270000000000001
1124,22093,0.04420000000000002
1125,22095,0.2820000000000001
1126,22097,1.1407999999999998
1127,22099,1.361
1128,22101,1.2914
1129,22103,1.4419
1130,22105,1.3281999999999998
1131,22107,0.05179999999999996
1132,22109,1.5004
1133,22111,1.5137
1134,22113,1.6193
1135,22115,1.649
1136,22117,1.3761
1137,22119,1.3105
1138,22121,1.1053000000000002
1139,22123,1.7139000000000002
1140,22125,1.2496999999999998
1141,22127,1.4941
1142,23001,1.028
1143,23003,1.2001
1144,23005,0.357
1145,23007,1.0393999999999999
1146,23009,0.12420000000000003
1147,23011,0.0025000000000000577
1148,23013,0.1993000000000001
1149,23015,0.10289999999999994
1150,23017,1.0878
1151,23019,1.0834
1152,23021,1.2650000000000001
1153,23023,0.15699999999999992
1154,23025,1.2337
1155,23027,0.04730000000000012
1156,23029,1.1978
1157,23031,0.1262000000000001
1158,24001,1.3827
1159,24003,0.14540000000000008
1160,24005,0.2705
1161,24009,1.0562
1162,24011,1.3285
1163,24013,1.2368
1164,24015,1.2662
1165,24017,0.4089
1166,24019,1.1193
1167,24021,0.09599999999999997
1168,24023,1.5586000000000002
1169,24025,1.1203
1170,24027,0.44259999999999994
1171,24029,0.012400000000000078
1172,24031,0.5965
1173,24033,0.8052999999999999
1174,24035,1.2651000000000001
1175,24037,1.1381999999999999
1176,24039,1.1477
1177,24041,0.005099999999999938
1178,24043,1.2093
1179,24045,1.0193999999999999
1180,24047,1.1897
1181,24510,0.7659
1182,25001,0.24409999999999998
1183,25003,0.4713000000000001
1184,25005,0.12000000000000005
1185,25007,0.5692000000000002
1186,25009,0.2905999999999999
1187,25011,0.44350000000000006
1188,25013,0.1771000000000001
1189,25015,0.4675999999999999
1190,25017,0.4519
1191,25019,0.45550000000000007
1192,25021,0.363
1193,25023,0.17370000000000008
1194,25025,0.6317
1195,25027,0.17839999999999995
1196,26001,1.3831
1197,26003,1.1871999999999998
1198,26005,1.2522
1199,26007,1.2759
1200,26009,1.2370999999999999
1201,26011,1.3569
1202,26013,1.2555
1203,26015,1.3247
1204,26017,1.1155000000000002
1205,26019,1.0914
1206,26021,1.0737
1207,26023,1.3841999999999999
1208,26025,1.1108
1209,26027,1.2883
1210,26029,1.1704999999999999
1211,26031,1.2988
1212,26033,1.2282000000000002
1213,26035,1.3474
1214,26037,1.0654000000000001
1215,26039,1.3072
1216,26041,1.2645
1217,26043,1.3334000000000001
1218,26045,1.0077
1219,26047,1.1114
1220,26049,0.0933
1221,26051,1.3673
1222,26053,1.1243999999999998
1223,26055,1.0301999999999998
1224,26057,1.2824
1225,26059,1.4786
1226,26061,1.1419000000000001
1227,26063,1.3926
1228,26065,0.3223000000000001
1229,26067,1.3028
1230,26069,1.285
1231,26071,1.2537
1232,26073,1.0252000000000001
1233,26075,1.1897
1234,26077,0.18690000000000012
1235,26079,1.4172
1236,26081,0.06130000000000002
1237,26083,1.1219999999999999
1238,26085,1.2619
1239,26087,1.3625
1240,26089,0.051999999999999935
1241,26091,1.1987999999999999
1242,26093,1.2261
1243,26095,1.4214
1244,26097,1.2381
1245,26099,1.0808
1246,26101,1.1509
1247,26103,0.11130000000000007
1248,26105,1.1971
1249,26107,1.2793999999999999
1250,26109,1.3011
1251,26111,1.1461
1252,26113,1.5346
1253,26115,1.2261
1254,26117,1.3769
1255,26119,1.4337
1256,26121,0.005400000000000071
1257,26123,1.4038
1258,26125,0.14020000000000005
1259,26127,1.2803
1260,26129,1.4008
1261,26131,1.2538
1262,26133,1.463
1263,26135,1.4352
1264,26137,1.3409
1265,26139,1.2145
1266,26141,1.291
1267,26143,1.2995999999999999
1268,26145,0.003000000000000058
1269,26147,1.3017
1270,26149,1.3168000000000002
1271,26151,1.4557
1272,26153,1.3163
1273,26155,1.1985
1274,26157,1.3929
1275,26159,1.1223999999999998
1276,26161,0.4652000000000001
1277,26163,0.38050000000000006
1278,26165,1.3424
1279,27001,1.2644
1280,27003,1.0191
1281,27005,1.3014999999999999
1282,27007,1.0316
1283,27009,1.3191
1284,27011,1.2723
1285,27013,0.04429999999999995
1286,27015,1.3278999999999999
1287,27017,0.015200000000000047
1288,27019,1.0488
1289,27021,1.2887
1290,27023,1.3062
1291,27025,1.2925
1292,27027,0.04079999999999995
1293,27029,1.4485
1294,27031,0.3397000000000001
1295,27033,1.3817000000000002
1296,27035,1.2974
1297,27037,0.13930000000000003
1298,27039,1.3038999999999998
1299,27041,1.3282
1300,27043,1.3361
1301,27045,1.2266000000000001
1302,27047,1.1599
1303,27049,1.1484
1304,27051,1.2652999999999999
1305,27053,0.43220000000000003
1306,27055,1.1295
1307,27057,1.2884000000000002
1308,27059,1.3860000000000001
1309,27061,1.1676
1310,27063,1.3787
1311,27065,1.3792
1312,27067,1.2566000000000002
1313,27069,1.2046000000000001
1314,27071,1.2127
1315,27073,1.2677
1316,27075,0.03529999999999994
1317,27077,1.4289
1318,27079,1.3035
1319,27081,1.3800999999999999
1320,27083,1.2595
1321,27085,1.3617000000000001
1322,27087,1.0131000000000001
1323,27089,1.4746000000000001
1324,27091,1.3791
1325,27093,1.406
1326,27095,1.3777
1327,27097,1.5345
1328,27099,1.0582
1329,27101,1.391
1330,27103,0.03159999999999996
1331,27105,1.3060999999999998
1332,27107,1.1596
1333,27109,0.10729999999999995
1334,27111,1.3254000000000001
1335,27113,1.2699
1336,27115,1.3024
1337,27117,1.4547999999999999
1338,27119,1.2838
1339,27121,1.2762
1340,27123,0.45359999999999995
1341,27125,1.3474
1342,27127,1.4123
1343,27129,1.3655
1344,27131,1.0018
1345,27133,1.3868999999999998
1346,27135,1.4604
1347,27137,0.15630000000000005
1348,27139,1.0663
1349,27141,1.3264
1350,27143,1.4078
1351,27145,1.2249
1352,27147,1.2243
1353,27149,1.2206000000000001
1354,27151,1.2951
1355,27153,1.4878
1356,27155,1.2742
1357,27157,1.2634999999999998
1358,27159,1.4555
1359,27161,1.3011
1360,27163,0.09229999999999994
1361,27165,1.2145000000000001
1362,27167,1.3796
1363,27169,0.004000000000000059
1364,27171,1.2854999999999999
1365,27173,1.3702
1366,28001,0.16140000000000004
1367,28003,1.6354
1368,28005,1.2617
1369,28007,1.1855
1370,28009,1.2077
1371,28011,0.30790000000000006
1372,28013,1.4132
1373,28015,1.385
1374,28017,1.0448
1375,28019,1.43
1376,28021,0.7121999999999999
1377,28023,1.3094000000000001
1378,28025,0.1633
1379,28027,0.4289000000000001
1380,28029,0.01709999999999995
1381,28031,1.2604
1382,28033,1.2389999999999999
1383,28035,1.1116000000000001
1384,28037,1.3234
1385,28039,1.7689
1386,28041,1.6585
1387,28043,1.1234
1388,28045,1.5549
1389,28047,1.2516
1390,28049,0.4831
1391,28051,0.6430999999999999
1392,28053,0.45309999999999995
1393,28055,0.06940000000000002
1394,28057,1.757
1395,28059,1.3468
1396,28061,0.004400000000000015
1397,28063,0.7153999999999999
1398,28065,0.1715000000000001
1399,28067,1.4224
1400,28069,0.23239999999999994
1401,28071,1.1227999999999998
1402,28073,1.4684
1403,28075,1.1602
1404,28077,1.3063
1405,28079,1.1448
1406,28081,1.3253
1407,28083,0.4147999999999999
1408,28085,1.3902
1409,28087,1.0262000000000002
1410,28089,1.1179
1411,28091,1.3684
1412,28093,0.031099999999999905
1413,28095,1.3073
1414,28097,1.1568999999999998
1415,28099,1.4323
1416,28101,1.3851
1417,28103,0.5245000000000001
1418,28105,0.06559999999999999
1419,28107,1.0421
1420,28109,1.6427
1421,28111,1.5303
1422,28113,0.009599999999999997
1423,28115,1.6223
1424,28117,1.5842
1425,28119,0.3485
1426,28121,1.4527
1427,28123,1.1822
1428,28125,0.35590000000000005
1429,28127,1.3045
1430,28129,1.5604
1431,28131,1.5282
1432,28133,0.41120000000000007
1433,28135,0.10860000000000003
1434,28137,1.3455000000000001
1435,28139,1.6056
1436,28141,1.7522
1437,28143,0.46390000000000003
1438,28145,1.6476
1439,28147,1.1945999999999999
1440,28149,0.003699999999999981
1441,28151,0.39940000000000003
1442,28153,1.2668
1443,28155,1.6021
1444,28157,0.34530000000000005
1445,28159,1.1160999999999999
1446,28161,1.1355
1447,28163,0.06349999999999989
1448,29001,1.2616
1449,29003,1.5017999999999998
1450,29005,1.5809
1451,29007,1.4714
1452,29009,1.6076
1453,29011,1.7115
1454,29013,1.5836000000000001
1455,29015,1.5655999999999999
1456,29017,1.7382
1457,29019,0.12500000000000006
1458,29021,1.2453
1459,29023,1.6219999999999999
1460,29025,1.6022
1461,29027,1.4223000000000001
1462,29029,1.5319
1463,29031,1.4489999999999998
1464,29033,1.6442
1465,29035,1.7017
1466,29037,1.3151
1467,29039,1.6592
1468,29041,1.5385
1469,29043,1.507
1470,29045,1.5876000000000001
1471,29047,1.0411
1472,29049,1.4495
1473,29051,1.3378
1474,29053,1.4628
1475,29055,1.6025
1476,29057,1.6695
1477,29059,1.6465999999999998
1478,29061,1.6023
1479,29063,1.5974
1480,29065,1.6905000000000001
1481,29067,1.6975
1482,29069,1.5697
1483,29071,1.4367
1484,29073,1.5832
1485,29075,1.6078999999999999
1486,29077,1.2006999999999999
1487,29079,1.6279000000000001
1488,29081,1.6799
1489,29083,1.5005
1490,29085,1.5728
1491,29087,1.6992
1492,29089,1.4203
1493,29091,1.6406
1494,29093,1.5773000000000001
1495,29095,0.21939999999999993
1496,29097,1.4602
1497,29099,1.338
1498,29101,1.3674
1499,29103,1.6174
1500,29105,1.6526
1501,29107,1.4563
1502,29109,1.625
1503,29111,1.5562
1504,29113,1.5244
1505,29115,1.5394
1506,29117,1.5708
1507,29119,1.6649
1508,29121,1.5633
1509,29123,1.6280999999999999
1510,29125,1.6452
1511,29127,1.5019999999999998
1512,29129,1.7403
1513,29131,1.6564
1514,29133,1.496
1515,29135,1.6199
1516,29137,1.5668
1517,29139,1.5644
1518,29141,1.5816
1519,29143,1.5102
1520,29145,1.5729
1521,29147,1.4047999999999998
1522,29149,1.6381999999999999
1523,29151,1.7139000000000002
1524,29153,1.6809
1525,29155,1.4464000000000001
1526,29157,1.6339
1527,29159,1.4751
1528,29161,1.4001
1529,29163,1.538
1530,29165,1.0303
1531,29167,1.5938
1532,29169,1.4564000000000001
1533,29171,1.6874000000000002
1534,29173,1.5636
1535,29175,1.5144
1536,29177,1.4485000000000001
1537,29179,1.6683
1538,29181,1.7007
1539,29183,1.1746999999999999
1540,29185,1.5918999999999999
1541,29186,1.4122999999999999
1542,29187,1.4798
1543,29189,0.23980000000000007
1544,29195,1.3720999999999999
1545,29197,1.6156
1546,29199,1.5901
1547,29201,1.5643
1548,29203,1.6296
1549,29205,1.6293000000000002
1550,29207,1.7200000000000002
1551,29209,1.6098000000000001
1552,29211,1.6055000000000001
1553,29213,1.5757999999999999
1554,29215,1.6859
1555,29217,1.5718
1556,29219,1.4590999999999998
1557,29221,1.625
1558,29223,1.7046000000000001
1559,29225,1.6021999999999998
1560,29227,1.598
1561,29229,1.7183000000000002
1562,29510,0.6595000000000001
1563,30001,1.4089999999999998
1564,30003,0.05939999999999995
1565,30005,0.0384000000000001
1566,30007,1.5707
1567,30009,1.2902999999999998
1568,30011,1.8114
1569,30013,1.1971
1570,30015,1.3036
1571,30017,1.4593
1572,30019,1.5957000000000001
1573,30021,1.5796000000000001
1574,30023,0.07680000000000009
1575,30025,1.7638
1576,30027,1.5184
1577,30029,1.301
1578,30031,0.07530000000000009
1579,30033,1.8892
1580,30035,0.3073000000000001
1581,30037,1.6681000000000001
1582,30039,1.3716
1583,30041,1.1360000000000001
1584,30043,1.3336
1585,30045,1.5692000000000002
1586,30047,1.1446999999999998
1587,30049,1.0393
1588,30051,1.5282
1589,30053,1.4968
1590,30055,1.7101000000000002
1591,30057,1.3975
1592,30059,1.5181
1593,30061,1.4455
1594,30063,0.2379000000000001
1595,30065,1.6976
1596,30067,1.0644
1597,30069,1.7441999999999998
1598,30071,1.6381999999999999
1599,30073,1.3766
1600,30075,1.7184
1601,30077,1.5042
1602,30079,1.6412
1603,30081,1.3631
1604,30083,1.677
1605,30085,1.0214
1606,30087,1.3411
1607,30089,1.5038
1608,30091,1.4083
1609,30093,0.14190000000000008
1610,30095,1.5775
1611,30097,1.5276999999999998
1612,30099,1.4352
1613,30101,1.5328
1614,30103,1.6414
1615,30105,1.4939
1616,30107,1.5598999999999998
1617,30109,1.7342
1618,30111,1.2397
1619,31001,1.4008
1620,31003,1.7363
1621,31005,1.8386
1622,31007,1.7762
1623,31009,1.7729
1624,31011,1.6677
1625,31013,1.5675
1626,31015,1.7577000000000003
1627,31017,1.7595
1628,31019,1.434
1629,31021,1.4057
1630,31023,1.5908
1631,31025,1.3513
1632,31027,1.6877
1633,31029,1.7570000000000001
1634,31031,1.7559
1635,31033,1.6194
1636,31035,1.6208
1637,31037,1.4324
1638,31039,1.5914
1639,31041,1.7161
1640,31043,1.1734
1641,31045,1.4453999999999998
1642,31047,1.4381
1643,31049,1.7061000000000002
1644,31051,1.5443
1645,31053,1.3212
1646,31055,0.1127999999999999
1647,31057,1.7757999999999998
1648,31059,1.5292999999999999
1649,31061,1.6719
1650,31063,1.7191999999999998
1651,31065,1.678
1652,31067,1.3652
1653,31069,1.7126000000000001
1654,31071,1.7435
1655,31073,1.6048
1656,31075,1.883
1657,31077,1.6251000000000002
1658,31079,1.3479
1659,31081,1.5734
1660,31083,1.6892999999999998
1661,31085,1.8580999999999999
1662,31087,1.7409
1663,31089,1.7357
1664,31091,1.7172
1665,31093,1.6089
1666,31095,1.4289
1667,31097,1.3901
1668,31099,1.5864
1669,31101,1.6366
1670,31103,1.8056
1671,31105,1.6899
1672,31107,1.5981999999999998
1673,31109,0.07749999999999996
1674,31111,1.5465
1675,31113,1.8199
1676,31115,1.6498
1677,31117,1.8542999999999998
1678,31119,1.5349
1679,31121,1.625
1680,31123,1.6751
1681,31125,1.5885
1682,31127,1.4392
1683,31129,1.6280999999999999
1684,31131,1.3781
1685,31133,1.5242
1686,31135,1.7262
1687,31137,1.6781
1688,31139,1.7431999999999999
1689,31141,1.5677
1690,31143,1.6101
1691,31145,1.6789
1692,31147,1.5023
1693,31149,1.7838
1694,31151,1.2846
1695,31153,1.1120999999999999
1696,31155,1.4517000000000002
1697,31157,1.4352
1698,31159,1.4405000000000001
1699,31161,1.7271999999999998
1700,31163,1.5757999999999999
1701,31165,1.7797
1702,31167,1.6411
1703,31169,1.5635
1704,31171,1.7775
1705,31173,1.0244
1706,31175,1.6352000000000002
1707,31177,1.4035
1708,31179,1.4820000000000002
1709,31181,1.6268
1710,31183,1.7535
1711,31185,1.5177
1712,32001,1.4904
1713,32003,0.09349999999999992
1714,32005,1.2947000000000002
1715,32007,1.5547
1716,32009,1.6695
1717,32011,1.7767
1718,32013,1.539
1719,32015,1.6155000000000002
1720,32017,1.7102
1721,32019,1.4113
1722,32021,1.2543000000000002
1723,32023,1.4035
1724,32027,1.5103
1725,32029,1.3497
1726,32031,0.04519999999999996
1727,32033,1.5823
1728,32510,1.1136
1729,33001,1.104
1730,33003,0.015000000000000013
1731,33005,0.17180000000000006
1732,33007,1.0591
1733,33009,0.24509999999999998
1734,33011,0.07640000000000002
1735,33013,0.09799999999999998
1736,33015,0.021199999999999997
1737,33017,0.15220000000000006
1738,33019,0.03610000000000002
1739,34001,0.06690000000000002
1740,34003,0.16380000000000006
1741,34005,0.19510000000000005
1742,34007,0.3345
1743,34009,1.1592
1744,34011,0.0605
1745,34013,0.5526000000000001
1746,34015,0.019500000000000017
1747,34017,0.46220000000000006
1748,34019,1.0436
1749,34021,0.4
1750,34023,0.22029999999999994
1751,34025,1.0278
1752,34027,0.04239999999999994
1753,34029,1.2868
1754,34031,0.16540000000000005
1755,34033,1.1278000000000001
1756,34035,0.2097
1757,34037,1.195
1758,34039,0.3551000000000001
1759,34041,1.1617
1760,35001,0.24439999999999995
1761,35003,1.4742
1762,35005,1.4133
1763,35006,0.08660000000000007
1764,35007,1.1097
1765,35009,1.4064
1766,35011,1.4717
1767,35013,0.18340000000000006
1768,35015,1.5180000000000002
1769,35017,0.07180000000000009
1770,35019,0.14479999999999993
1771,35021,1.2773
1772,35023,1.1505
1773,35025,1.5962
1774,35027,1.3637
1775,35028,0.26650000000000007
1776,35029,1.1043
1777,35031,0.38619999999999993
1778,35033,0.3135000000000001
1779,35035,1.2562
1780,35037,1.3780000000000001
1781,35039,0.33560000000000006
1782,35041,1.4286
1783,35043,0.08370000000000005
1784,35045,1.2828000000000002
1785,35047,0.38750000000000007
1786,35049,0.5375999999999999
1787,35051,1.2147999999999999
1788,35053,0.06520000000000009
1789,35055,0.5475000000000001
1790,35057,1.3335
1791,35059,1.5619
1792,35061,1.0961
1793,36001,0.31399999999999995
1794,36003,1.3892
1795,36005,0.6741999999999999
1796,36007,0.03449999999999992
1797,36009,1.2956999999999999
1798,36011,1.0888
1799,36013,1.1984
1800,36015,1.1342
1801,36017,1.2324
1802,36019,0.05219999999999997
1803,36021,0.1663
1804,36023,1.0194
1805,36025,1.1843000000000001
1806,36027,0.0964000000000001
1807,36029,0.14739999999999998
1808,36031,0.05020000000000002
1809,36033,1.0216
1810,36035,1.314
1811,36037,1.3167
1812,36039,1.1557
1813,36041,1.3027
1814,36043,1.3047
1815,36045,1.1898
1816,36047,0.5464000000000001
1817,36049,1.3908
1818,36051,1.1816
1819,36053,1.1059
1820,36055,0.21020000000000005
1821,36057,1.2252999999999998
1822,36059,0.09520000000000006
1823,36061,0.7421
1824,36063,1.0965
1825,36065,1.1558000000000002
1826,36067,0.20029999999999998
1827,36069,1.0006
1828,36071,1.0006
1829,36073,1.3603
1830,36075,1.2018
1831,36077,1.0501
1832,36079,1.0784
1833,36081,0.4511000000000001
1834,36083,0.05620000000000003
1835,36085,1.1490999999999998
1836,36087,0.017400000000000027
1837,36089,1.1169
1838,36091,0.05409999999999998
1839,36093,0.15609999999999996
1840,36095,1.2902
1841,36097,1.176
1842,36099,1.0905
1843,36101,1.2964
1844,36103,1.0002
1845,36105,1.0916
1846,36107,1.206
1847,36109,0.49249999999999994
1848,36111,0.20929999999999993
1849,36113,1.0016
1850,36115,1.1555
1851,36117,1.1957
1852,36119,0.3625999999999999
1853,36121,1.4541
1854,36123,1.1854
1855,37001,1.0841
1856,37003,1.5802
1857,37005,1.5006
1858,37007,0.04189999999999999
1859,37009,1.4607999999999999
1860,37011,1.5266
1861,37013,1.2585000000000002
1862,37015,0.21619999999999995
1863,37017,1.1372
1864,37019,1.2500999999999998
1865,37021,0.2112000000000001
1866,37023,1.4014
1867,37025,1.0944
1868,37027,1.5107
1869,37029,1.4661000000000002
1870,37031,1.4200000000000002
1871,37033,1.1848999999999998
1872,37035,1.3704
1873,37037,0.11530000000000007
1874,37039,1.5507
1875,37041,1.1573
1876,37043,1.4951
1877,37045,1.3281999999999998
1878,37047,1.2793999999999999
1879,37049,1.1863
1880,37051,0.16599999999999993
1881,37053,1.4621
1882,37055,1.1652
1883,37057,1.4748
1884,37059,1.4549999999999998
1885,37061,1.2211999999999998
1886,37063,0.6238
1887,37065,0.2700999999999999
1888,37067,0.13899999999999996
1889,37069,1.1345
1890,37071,1.2776
1891,37073,1.1375
1892,37075,1.6013
1893,37077,1.0658
1894,37079,1.119
1895,37081,0.23120000000000013
1896,37083,0.21220000000000006
1897,37085,1.2245000000000001
1898,37087,1.2652
1899,37089,1.1875
1900,37091,0.3403
1901,37093,0.10869999999999996
1902,37095,1.1492
1903,37097,1.3235999999999999
1904,37099,1.0824
1905,37101,1.2433
1906,37103,1.1961
1907,37105,1.1491
1908,37107,1.0347
1909,37109,1.4594
1910,37111,1.4803
1911,37113,1.3848
1912,37115,1.2353999999999998
1913,37117,1.0495
1914,37119,0.3507999999999999
1915,37121,1.5777
1916,37123,1.3177999999999999
1917,37125,1.274
1918,37127,0.0022999999999999687
1919,37129,0.021300000000000097
1920,37131,0.20569999999999988
1921,37133,1.302
1922,37135,0.5107999999999999
1923,37137,1.2797999999999998
1924,37139,0.002999999999999947
1925,37141,1.2994999999999999
1926,37143,1.3221
1927,37145,1.2155999999999998
1928,37147,0.09449999999999992
1929,37149,1.2566
1930,37151,1.5630000000000002
1931,37153,1.1481999999999999
1932,37155,1.1863000000000001
1933,37157,1.3201999999999998
1934,37159,1.3566
1935,37161,1.4577
1936,37163,1.2252
1937,37165,1.0195
1938,37167,1.5106
1939,37169,1.5779999999999998
1940,37171,1.5135
1941,37173,1.1954
1942,37175,1.1565
1943,37177,1.1575
1944,37179,1.2417
1945,37181,0.19239999999999996
1946,37183,0.2645000000000001
1947,37185,0.25730000000000003
1948,37187,0.09910000000000002
1949,37189,0.08289999999999997
1950,37191,1.1168
1951,37193,1.5662
1952,37195,0.02879999999999988
1953,37197,1.6107999999999998
1954,37199,1.3372000000000002
1955,38001,1.5696
1956,38003,1.3142
1957,38005,1.1386999999999998
1958,38007,1.7386
1959,38009,1.5054
1960,38011,1.7043
1961,38013,1.742
1962,38015,1.4019
1963,38017,1.0269000000000001
1964,38019,1.5074999999999998
1965,38021,1.4677
1966,38023,1.5316999999999998
1967,38025,1.6882000000000001
1968,38027,1.3734000000000002
1969,38029,1.7471
1970,38031,1.5562
1971,38033,1.7153
1972,38035,1.1326
1973,38037,1.6791999999999998
1974,38039,1.4792
1975,38041,1.6823000000000001
1976,38043,1.6808
1977,38045,1.5038
1978,38047,1.7452999999999999
1979,38049,1.5994000000000002
1980,38051,1.613
1981,38053,1.6768999999999998
1982,38055,1.5360999999999998
1983,38057,1.6742
1984,38059,1.5037
1985,38061,1.3764
1986,38063,1.3123
1987,38065,1.7402
1988,38067,1.5025
1989,38069,1.5112
1990,38071,1.3608000000000002
1991,38073,1.1926999999999999
1992,38075,1.6406
1993,38077,1.3279999999999998
1994,38079,0.32209999999999994
1995,38081,1.2551
1996,38083,1.7192
1997,38085,0.4603999999999999
1998,38087,1.7868
1999,38089,1.6387
2000,38091,1.239
2001,38093,1.4336000000000002
2002,38095,1.4369999999999998
2003,38097,1.2489
2004,38099,1.4163
2005,38101,1.4488999999999999
2006,38103,1.6112
2007,38105,1.6677
2008,39001,1.6352
2009,39003,1.3942999999999999
2010,39005,1.4872999999999998
2011,39007,1.2349999999999999
2012,39009,0.1496
2013,39011,1.6252
2014,39013,1.4352
2015,39015,1.5724
2016,39017,1.2398
2017,39019,1.5265
2018,39021,1.4762
2019,39023,1.2323
2020,39025,1.3657
2021,39027,1.5248
2022,39029,1.4477
2023,39031,1.4889999999999999
2024,39033,1.5078
2025,39035,0.3403999999999999
2026,39037,1.6359000000000001
2027,39039,1.3640999999999999
2028,39041,1.0683
2029,39043,1.1155
2030,39045,1.2349
2031,39047,1.5147
2032,39049,0.3128000000000001
2033,39051,1.3976
2034,39053,1.5547
2035,39055,1.2311
2036,39057,1.1948
2037,39059,1.4834999999999998
2038,39061,0.1587
2039,39063,1.3754
2040,39065,1.5198
2041,39067,1.525
2042,39069,1.4339
2043,39071,1.6037
2044,39073,1.4228
2045,39075,1.6783
2046,39077,1.411
2047,39079,1.54
2048,39081,1.3832
2049,39083,1.4369999999999998
2050,39085,1.1358000000000001
2051,39087,1.4548
2052,39089,1.2803999999999998
2053,39091,1.5514999999999999
2054,39093,1.0244
2055,39095,0.16739999999999994
2056,39097,1.4092
2057,39099,1.0190000000000001
2058,39101,1.3858
2059,39103,1.2339
2060,39105,1.5311
2061,39107,1.6484999999999999
2062,39109,1.4426
2063,39111,1.5389
2064,39113,0.02240000000000003
2065,39115,1.4836999999999998
2066,39117,1.543
2067,39119,1.3927
2068,39121,1.6246
2069,39123,1.2336999999999998
2070,39125,1.5139
2071,39127,1.4952999999999999
2072,39129,1.4692999999999998
2073,39131,1.4866
2074,39133,1.1242999999999999
2075,39135,1.5737
2076,39137,1.6625999999999999
2077,39139,1.3974
2078,39141,1.3513
2079,39143,1.2755
2080,39145,1.4221
2081,39147,1.3412000000000002
2082,39149,1.6309
2083,39151,1.1851
2084,39153,0.09540000000000004
2085,39155,1.1056
2086,39157,1.3985999999999998
2087,39159,1.314
2088,39161,1.5725
2089,39163,1.5466
2090,39165,1.3073000000000001
2091,39167,1.4072
2092,39169,1.3703
2093,39171,1.4615
2094,39173,1.0759
2095,39175,1.5024
2096,40001,1.5905
2097,40003,1.7717999999999998
2098,40005,1.7036
2099,40007,1.8163999999999998
2100,40009,1.7195
2101,40011,1.6275
2102,40013,1.5647000000000002
2103,40015,1.4405000000000001
2104,40017,1.4327999999999999
2105,40019,1.5251000000000001
2106,40021,1.2934
2107,40023,1.6200999999999999
2108,40025,1.8538999999999999
2109,40027,1.1406999999999998
2110,40029,1.6802000000000001
2111,40031,1.2009
2112,40033,1.6703000000000001
2113,40035,1.5752000000000002
2114,40037,1.5479999999999998
2115,40039,1.5323
2116,40041,1.5847
2117,40043,1.8096999999999999
2118,40045,1.8147
2119,40047,1.5373
2120,40049,1.6421999999999999
2121,40051,1.6231
2122,40053,1.7349
2123,40055,1.6473
2124,40057,1.6108
2125,40059,1.8009
2126,40061,1.6745999999999999
2127,40063,1.6086
2128,40065,1.5773
2129,40067,1.7158000000000002
2130,40069,1.6359
2131,40071,1.5097
2132,40073,1.7219
2133,40075,1.576
2134,40077,1.6296
2135,40079,1.6336000000000002
2136,40081,1.6317
2137,40083,1.4707000000000001
2138,40085,1.6362999999999999
2139,40087,1.6089
2140,40089,1.6652
2141,40091,1.4968000000000001
2142,40093,1.7972
2143,40095,1.6252
2144,40097,1.5514000000000001
2145,40099,1.5863999999999998
2146,40101,1.3389000000000002
2147,40103,1.5707
2148,40105,1.6599000000000002
2149,40107,1.5353999999999999
2150,40109,1.0112
2151,40111,1.3711
2152,40113,1.3954
2153,40115,1.5123
2154,40117,1.5754000000000001
2155,40119,1.233
2156,40121,1.5626000000000002
2157,40123,1.4366
2158,40125,1.46
2159,40127,1.7064000000000001
2160,40129,1.7966
2161,40131,1.5485000000000002
2162,40133,1.4630999999999998
2163,40135,1.5901
2164,40137,1.651
2165,40139,1.6541
2166,40141,1.5461
2167,40143,1.1559
2168,40145,1.5009
2169,40147,1.4802
2170,40149,1.7300999999999997
2171,40151,1.6532
2172,40153,1.7201
2173,41001,1.504
2174,41003,0.3969
2175,41005,0.11069999999999991
2176,41007,0.1129
2177,41009,1.103
2178,41011,1.2046999999999999
2179,41013,1.4845000000000002
2180,41015,1.1625
2181,41017,0.08239999999999992
2182,41019,1.3752
2183,41021,1.4329999999999998
2184,41023,1.5691
2185,41025,1.576
2186,41027,0.36729999999999996
2187,41029,1.0346
2188,41031,1.2348000000000001
2189,41033,1.2575
2190,41035,1.4062000000000001
2191,41037,1.6137000000000001
2192,41039,0.24320000000000008
2193,41041,0.16029999999999994
2194,41043,1.2338
2195,41045,1.4174
2196,41047,0.01139999999999991
2197,41049,1.4329
2198,41051,0.6131000000000001
2199,41053,1.0168000000000001
2200,41055,1.5472
2201,41057,1.0171
2202,41059,1.3197
2203,41061,1.4044
2204,41063,1.3455
2205,41065,1.0305
2206,41067,0.34609999999999996
2207,41069,1.5119
2208,41071,1.0402999999999998
2209,42001,1.3399999999999999
2210,42003,0.20400000000000013
2211,42005,1.5226000000000002
2212,42007,1.1763
2213,42009,1.6757
2214,42011,1.0814
2215,42013,1.434
2216,42015,1.4484
2217,42017,0.04369999999999996
2218,42019,1.3242
2219,42021,1.3723999999999998
2220,42023,1.4659
2221,42025,1.3197999999999999
2222,42027,0.047199999999999964
2223,42029,0.17049999999999998
2224,42031,1.5071
2225,42033,1.4945
2226,42035,1.3624
2227,42037,1.3057999999999998
2228,42039,1.3713000000000002
2229,42041,1.1052
2230,42043,0.08500000000000008
2231,42045,0.26729999999999987
2232,42047,1.4496
2233,42049,0.010199999999999931
2234,42051,1.3338
2235,42053,1.4347999999999999
2236,42055,1.4298
2237,42057,1.7183
2238,42059,1.4333
2239,42061,1.5086
2240,42063,1.3743
2241,42065,1.5874
2242,42067,1.6127
2243,42069,0.08340000000000009
2244,42071,1.1577000000000002
2245,42073,1.2949000000000002
2246,42075,1.3172
2247,42077,0.07579999999999992
2248,42079,1.1437
2249,42081,1.4122
2250,42083,1.4605000000000001
2251,42085,1.2594
2252,42087,1.5601
2253,42089,0.0635
2254,42091,0.2618
2255,42093,1.2112
2256,42095,0.00709999999999994
2257,42097,1.3834
2258,42099,1.4992
2259,42101,0.6335000000000001
2260,42103,1.1897
2261,42105,1.6067999999999998
2262,42107,1.3978
2263,42109,1.4729999999999999
2264,42111,1.5614999999999999
2265,42113,1.4719
2266,42115,1.4114
2267,42117,1.5105
2268,42119,1.2417
2269,42121,1.413
2270,42123,1.3955000000000002
2271,42125,1.2274
2272,42127,1.3355000000000001
2273,42129,1.2830000000000001
2274,42131,1.351
2275,42133,1.2452
2276,44001,0.29219999999999996
2277,44003,0.0764999999999999
2278,44005,0.2982
2279,44007,0.22909999999999991
2280,44009,0.19369999999999998
2281,45001,1.3308
2282,45003,1.2267000000000001
2283,45005,0.5240999999999999
2284,45007,1.4203
2285,45009,0.24570000000000008
2286,45011,1.0748
2287,45013,1.0998999999999999
2288,45015,1.1166
2289,45017,1.0482
2290,45019,0.12880000000000008
2291,45021,1.4377
2292,45023,1.1091
2293,45025,1.2048
2294,45027,1.0067
2295,45029,1.0953
2296,45031,1.0497
2297,45033,1.0110999999999999
2298,45035,1.1047
2299,45037,1.2429999999999999
2300,45039,0.2271999999999999
2301,45041,1.0227000000000002
2302,45043,1.1272
2303,45045,1.182
2304,45047,1.2276
2305,45049,0.1524000000000001
2306,45051,1.3319
2307,45053,0.007499999999999951
2308,45055,1.231
2309,45057,1.228
2310,45059,1.3229
2311,45061,0.2753
2312,45063,1.3009
2313,45065,1.0474999999999999
2314,45067,0.21500000000000008
2315,45069,0.10879999999999995
2316,45071,1.2407
2317,45073,1.4743
2318,45075,0.3323
2319,45077,1.5085000000000002
2320,45079,0.3832000000000001
2321,45081,1.3500999999999999
2322,45083,1.2733999999999999
2323,45085,0.13049999999999995
2324,45087,1.2450999999999999
2325,45089,0.2977000000000001
2326,45091,1.1647
2327,46003,1.5232
2328,46005,1.3814000000000002
2329,46007,1.1926
2330,46009,1.5046
2331,46011,1.1298
2332,46013,1.2304
2333,46015,1.4324999999999999
2334,46017,0.3079
2335,46019,1.5815000000000001
2336,46021,1.7217
2337,46023,1.3635
2338,46025,1.506
2339,46027,0.11010000000000003
2340,46029,1.389
2341,46031,1.0194999999999999
2342,46033,1.424
2343,46035,1.3506
2344,46037,1.2757
2345,46039,1.4639
2346,46041,0.17350000000000004
2347,46043,1.7335
2348,46045,1.5647000000000002
2349,46047,1.4515
2350,46049,1.6481
2351,46051,1.4172000000000002
2352,46053,1.5828
2353,46055,1.8100999999999998
2354,46057,1.5595999999999999
2355,46059,1.5773
2356,46061,1.5175
2357,46063,1.8597000000000001
2358,46065,1.2944
2359,46067,1.5792
2360,46069,1.6029
2361,46071,1.3399
2362,46073,1.4483000000000001
2363,46075,1.6812
2364,46077,1.3904
2365,46079,1.2747000000000002
2366,46081,1.3049
2367,46083,1.2356
2368,46085,1.3237999999999999
2369,46087,1.4479
2370,46089,1.6441999999999999
2371,46091,1.197
2372,46093,1.4821
2373,46095,1.1964
2374,46097,1.4104
2375,46099,1.0949
2376,46101,1.2407000000000001
2377,46113,0.7913
2378,46103,1.2513
2379,46105,1.6962000000000002
2380,46107,1.6609
2381,46109,1.1338
2382,46111,1.5468000000000002
2383,46115,1.3497
2384,46117,1.4733
2385,46119,1.5816
2386,46121,0.5635
2387,46123,1.6179999999999999
2388,46125,1.473
2389,46127,1.3636
2390,46129,1.5430000000000001
2391,46135,1.2354
2392,46137,0.08500000000000008
2393,47001,1.3217
2394,47003,1.5187
2395,47005,1.5700999999999998
2396,47007,1.6520000000000001
2397,47009,1.4420000000000002
2398,47011,1.5529
2399,47013,1.6623999999999999
2400,47015,1.5992
2401,47017,1.5582
2402,47019,1.6147
2403,47021,1.4404
2404,47023,1.5986000000000002
2405,47025,1.6491
2406,47027,1.5697999999999999
2407,47029,1.6480000000000001
2408,47031,1.5016
2409,47033,1.5382
2410,47035,1.5713
2411,47037,0.32120000000000004
2412,47039,1.6343999999999999
2413,47041,1.5780999999999998
2414,47043,1.4744000000000002
2415,47045,1.5709
2416,47047,1.3768
2417,47049,1.7133
2418,47051,1.4768999999999999
2419,47053,1.4697
2420,47055,1.4912
2421,47057,1.7005
2422,47059,1.6074
2423,47061,1.6515
2424,47063,1.5404
2425,47065,1.097
2426,47067,1.7324
2427,47069,1.157
2428,47071,1.6747
2429,47073,1.6575
2430,47075,0.08989999999999998
2431,47077,1.6411000000000002
2432,47079,1.5110999999999999
2433,47081,1.5538999999999998
2434,47083,1.5011
2435,47085,1.4982
2436,47087,1.5604
2437,47089,1.5928
2438,47091,1.6694
2439,47093,1.1502
2440,47095,1.4749
2441,47097,1.2767
2442,47099,1.6485
2443,47101,1.6063999999999998
2444,47103,1.5997000000000001
2445,47105,1.5032
2446,47107,1.6057
2447,47109,1.6341999999999999
2448,47111,1.7157
2449,47113,1.1294
2450,47115,1.5081
2451,47117,1.4999
2452,47119,1.3654
2453,47121,1.6253
2454,47123,1.6260000000000001
2455,47125,1.1265
2456,47127,1.654
2457,47129,1.7003
2458,47131,1.6065
2459,47133,1.5864
2460,47135,1.6301
2461,47137,1.6333
2462,47139,1.6339000000000001
2463,47141,1.4339
2464,47143,1.6366
2465,47145,1.5088
2466,47147,1.4699
2467,47149,1.1538
2468,47151,1.7752
2469,47153,1.6285
2470,47155,1.5757
2471,47157,0.3045
2472,47159,1.5893
2473,47161,1.5905
2474,47163,1.5189
2475,47165,1.3862
2476,47167,1.4845
2477,47169,1.4813
2478,47171,1.6
2479,47173,1.6837
2480,47175,1.6156
2481,47177,1.4950999999999999
2482,47179,1.3621999999999999
2483,47181,1.7459
2484,47183,1.537
2485,47185,1.6275
2486,47187,1.2612
2487,47189,1.3773
2488,48001,1.5802
2489,48003,1.6981
2490,48005,1.46
2491,48007,1.5144000000000002
2492,48009,1.8035999999999999
2493,48011,1.8634
2494,48013,1.3397
2495,48015,1.5825
2496,48017,1.5511
2497,48019,1.5935000000000001
2498,48021,1.1372
2499,48023,1.7703000000000002
2500,48025,1.2884
2501,48027,1.0852
2502,48029,0.18149999999999994
2503,48031,1.4735
2504,48033,1.9158
2505,48035,1.6473
2506,48037,1.4278
2507,48039,1.182
2508,48041,1.1427
2509,48043,1.0421999999999998
2510,48045,1.7738
2511,48047,0.19
2512,48049,1.7259
2513,48051,1.5756999999999999
2514,48053,1.5312
2515,48055,1.0908
2516,48057,1.4445
2517,48059,1.7719
2518,48061,0.1316
2519,48063,1.4411
2520,48065,1.7949000000000002
2521,48067,1.5915
2522,48069,1.5453999999999999
2523,48071,1.6169
2524,48073,1.5583
2525,48075,1.7166000000000001
2526,48077,1.7755999999999998
2527,48079,1.6320000000000001
2528,48081,1.7913999999999999
2529,48083,1.7726000000000002
2530,48085,1.0433999999999999
2531,48087,1.7331
2532,48089,1.5065
2533,48091,1.4264999999999999
2534,48093,1.7104
2535,48095,1.6791
2536,48097,1.6511
2537,48099,1.3351
2538,48101,1.645
2539,48103,1.6694
2540,48105,1.5566
2541,48107,1.445
2542,48109,0.026500000000000024
2543,48111,1.7409
2544,48113,0.31610000000000005
2545,48115,1.5655000000000001
2546,48117,1.4403000000000001
2547,48119,1.6785999999999999
2548,48121,1.0808
2549,48123,1.6248
2550,48125,1.7319
2551,48127,0.2401000000000001
2552,48129,1.7525
2553,48131,0.026100000000000123
2554,48133,1.7542
2555,48135,1.4784
2556,48137,1.6801
2557,48139,1.3402
2558,48141,0.3509999999999999
2559,48143,1.638
2560,48145,1.3715000000000002
2561,48147,1.6341
2562,48149,1.5804
2563,48151,1.6002
2564,48153,1.5621
2565,48155,1.6279
2566,48157,0.10549999999999993
2567,48159,1.6702
2568,48161,1.6148
2569,48163,1.076
2570,48165,1.7970000000000002
2571,48167,1.2261000000000002
2572,48169,1.7149999999999999
2573,48171,1.5891
2574,48173,1.876
2575,48175,1.5527
2576,48177,1.4809
2577,48179,1.7725
2578,48181,1.4987000000000001
2579,48183,1.3688
2580,48185,1.5316
2581,48187,1.2412
2582,48189,1.5110000000000001
2583,48191,1.7075
2584,48193,1.6838
2585,48195,1.8222
2586,48197,1.6893
2587,48199,1.7376
2588,48201,0.1325
2589,48203,1.4561000000000002
2590,48205,1.8050000000000002
2591,48207,1.6717
2592,48209,0.10820000000000007
2593,48211,1.7443
2594,48213,1.6017000000000001
2595,48215,0.17060000000000003
2596,48217,1.6071
2597,48219,1.6239
2598,48221,1.6406
2599,48223,1.6068000000000002
2600,48225,1.5028000000000001
2601,48227,1.5843
2602,48229,1.3502999999999998
2603,48231,1.5249000000000001
2604,48233,1.7654999999999998
2605,48235,1.7187999999999999
2606,48237,1.8163
2607,48239,1.6608
2608,48241,1.6141999999999999
2609,48243,1.2168999999999999
2610,48245,1.0158
2611,48247,0.17869999999999997
2612,48249,1.0975000000000001
2613,48251,1.5299
2614,48253,1.6914
2615,48255,1.5205
2616,48257,1.3389
2617,48259,1.5316
2618,48261,1.3195
2619,48263,1.7879
2620,48265,1.5172999999999999
2621,48267,1.7429999999999999
2622,48269,1.8994
2623,48271,1.4355
2624,48273,1.0173
2625,48275,1.6284
2626,48277,1.5735999999999999
2627,48279,1.6078999999999999
2628,48281,1.5715
2629,48283,1.1177
2630,48285,1.7327
2631,48287,1.5561
2632,48289,1.7428
2633,48291,1.5972
2634,48293,1.5032
2635,48295,1.7937999999999998
2636,48297,1.6686999999999999
2637,48299,1.6014
2638,48301,1.8485
2639,48303,1.3214
2640,48305,1.6214
2641,48307,1.7026
2642,48309,1.2336
2643,48311,1.7888
2644,48313,1.5815000000000001
2645,48315,1.4381
2646,48317,1.7263000000000002
2647,48319,1.6200999999999999
2648,48321,1.4453
2649,48323,0.09450000000000008
2650,48325,1.3915
2651,48327,1.609
2652,48329,1.5643
2653,48331,1.5189
2654,48333,1.7768000000000002
2655,48335,1.6875
2656,48337,1.7656999999999998
2657,48339,1.4383000000000001
2658,48341,1.5986
2659,48343,1.3941999999999999
2660,48345,1.8559
2661,48347,1.3128000000000002
2662,48349,1.4548
2663,48351,1.6086
2664,48353,1.5541
2665,48355,1.029
2666,48357,1.7953000000000001
2667,48359,1.8285
2668,48361,1.6342999999999999
2669,48363,1.6405999999999998
2670,48365,1.6347
2671,48367,1.644
2672,48369,1.6216
2673,48371,1.3925999999999998
2674,48373,1.5451000000000001
2675,48375,1.3869
2676,48377,0.3347000000000001
2677,48379,1.7125
2678,48381,1.5874
2679,48383,1.6850999999999998
2680,48385,1.6676
2681,48387,1.5634000000000001
2682,48389,1.2328
2683,48391,1.3275
2684,48393,1.9308999999999998
2685,48395,1.4040000000000001
2686,48397,1.377
2687,48399,1.7383000000000002
2688,48401,1.5568
2689,48403,1.7492999999999999
2690,48405,1.5065
2691,48407,1.6189999999999998
2692,48409,1.2907000000000002
2693,48411,1.7767
2694,48413,1.6289000000000002
2695,48415,1.7096
2696,48417,1.8316
2697,48419,1.5856
2698,48421,1.8013
2699,48423,1.3933
2700,48425,1.6745999999999999
2701,48427,0.04999999999999988
2702,48429,1.7852
2703,48431,1.8341
2704,48433,1.678
2705,48435,1.5779
2706,48437,1.5804
2707,48439,0.0021999999999999797
2708,48441,1.4527
2709,48443,1.4695
2710,48445,1.5689
2711,48447,1.8098999999999998
2712,48449,1.4470999999999998
2713,48451,1.444
2714,48453,0.44969999999999993
2715,48455,1.6134
2716,48457,1.7028999999999999
2717,48459,1.6835
2718,48461,1.7368
2719,48463,1.2032
2720,48465,1.0989
2721,48467,1.7205
2722,48469,1.3793
2723,48471,1.3174000000000001
2724,48473,1.267
2725,48475,1.6101
2726,48477,1.4985
2727,48479,0.2325000000000001
2728,48481,1.4314
2729,48483,1.8518999999999999
2730,48485,1.4106
2731,48487,1.5677
2732,48489,0.12020000000000008
2733,48491,0.014100000000000001
2734,48493,1.4839
2735,48495,1.6562999999999999
2736,48497,1.6815000000000002
2737,48499,1.6823000000000001
2738,48501,1.6667
2739,48503,1.7375
2740,48505,1.0535
2741,48507,0.31370000000000003
2742,49001,1.7542999999999997
2743,49003,1.6248999999999998
2744,49005,1.3663999999999998
2745,49007,1.4566000000000001
2746,49009,1.6189
2747,49011,1.2693
2748,49013,1.7791
2749,49015,1.7421
2750,49017,1.6018000000000001
2751,49019,0.10720000000000007
2752,49021,1.5614999999999999
2753,49023,1.7526000000000002
2754,49025,1.4554999999999998
2755,49027,1.7722
2756,49029,1.6199
2757,49031,1.786
2758,49033,1.7136
2759,49035,0.10929999999999995
2760,49037,1.0611000000000002
2761,49039,1.6808999999999998
2762,49041,1.7689000000000001
2763,49043,0.18999999999999995
2764,49045,1.3828999999999998
2765,49047,1.7546
2766,49049,1.4039000000000001
2767,49051,1.259
2768,49053,1.513
2769,49055,1.5301
2770,49057,1.2241
2771,50001,0.3938
2772,50003,0.2732
2773,50005,0.1521
2774,50007,0.5453000000000001
2775,50009,1.1118999999999999
2776,50011,0.09040000000000009
2777,50013,0.22560000000000002
2778,50015,0.4075
2779,50017,0.2405
2780,50019,0.04500000000000004
2781,50021,0.10459999999999992
2782,50023,0.46060000000000006
2783,50025,0.4734
2784,50027,0.38909999999999995
2785,51001,1.0938999999999999
2786,51003,0.3351000000000001
2787,51005,1.4409
2788,51007,1.3775
2789,51009,1.3157999999999999
2790,51011,1.4622
2791,51013,0.6352000000000001
2792,51015,1.4701
2793,51017,1.4749999999999999
2794,51019,1.4813
2795,51021,1.6814
2796,51023,1.4449999999999998
2797,51025,0.1503
2798,51027,1.6755
2799,51029,1.1321
2800,51031,1.4407
2801,51033,1.0417
2802,51035,1.6272
2803,51036,0.19439999999999996
2804,51037,1.2419
2805,51041,0.06679999999999992
2806,51043,1.1363
2807,51045,1.6151
2808,51047,1.199
2809,51049,1.1491
2810,51051,1.5813000000000001
2811,51053,1.1637
2812,51057,1.0059
2813,51059,0.4185999999999999
2814,51061,1.1726999999999999
2815,51063,1.3424
2816,51065,1.0467
2817,51067,1.4213
2818,51069,1.2740999999999998
2819,51071,1.5143
2820,51073,1.3551
2821,51075,1.1936
2822,51077,1.6142
2823,51079,1.2389
2824,51081,0.15580000000000005
2825,51083,1.1507999999999998
2826,51085,1.2679
2827,51087,0.2900999999999999
2828,51089,1.2911000000000001
2829,51091,1.4403000000000001
2830,51093,1.1837
2831,51095,0.04850000000000004
2832,51097,1.209
2833,51099,1.2139
2834,51101,1.3780999999999999
2835,51103,1.046
2836,51105,1.6911999999999998
2837,51107,0.2503999999999999
2838,51109,1.2293
2839,51111,1.1865
2840,51113,1.3201
2841,51115,1.3563999999999998
2842,51117,1.1519
2843,51119,1.2511999999999999
2844,51121,0.057399999999999896
2845,51125,1.052
2846,51127,1.3464
2847,51131,0.1056999999999999
2848,51133,1.1578
2849,51135,1.1490999999999998
2850,51137,1.2137
2851,51139,1.5065
2852,51141,1.5802
2853,51143,1.3982999999999999
2854,51145,1.4428
2855,51147,0.05619999999999992
2856,51149,1.1722000000000001
2857,51153,0.2701999999999999
2858,51155,1.4143999999999999
2859,51157,1.1439
2860,51159,1.252
2861,51161,1.2181000000000002
2862,51163,1.3235
2863,51165,1.4041
2864,51167,1.6354
2865,51169,1.6781
2866,51171,1.4065
2867,51173,1.5627
2868,51175,1.1799
2869,51177,1.0678
2870,51179,0.032699999999999896
2871,51181,0.08320000000000005
2872,51183,0.11949999999999994
2873,51185,1.6718
2874,51187,1.3531
2875,51191,1.5252000000000001
2876,51193,1.0823
2877,51195,1.6174
2878,51197,1.5699999999999998
2879,51199,1.066
2880,51510,0.6265
2881,51520,1.3887
2882,51530,1.3739000000000001
2883,51540,0.7271
2884,51550,0.0645
2885,51570,1.3319
2886,51580,1.2367
2887,51590,0.22089999999999999
2888,51595,0.36030000000000006
2889,51600,0.3832
2890,51610,0.6414
2891,51620,0.2556999999999999
2892,51630,0.3483
2893,51640,1.4021
2894,51650,0.42180000000000006
2895,51660,0.3179
2896,51670,0.1468000000000001
2897,51678,0.3203
2898,51680,0.026099999999999957
2899,51683,0.24159999999999993
2900,51685,0.3307000000000001
2901,51690,0.26619999999999994
2902,51700,0.32910000000000006
2903,51710,0.45599999999999996
2904,51720,1.4029
2905,51730,0.7652999999999999
2906,51735,1.452
2907,51740,0.4081000000000001
2908,51750,0.09039999999999998
2909,51760,0.6798000000000001
2910,51770,0.2578
2911,51775,1.1943000000000001
2912,51790,0.09899999999999998
2913,51800,0.17319999999999997
2914,51810,0.05410000000000004
2915,51820,1.0510000000000002
2916,51830,0.41069999999999995
2917,51840,0.11470000000000008
2918,53001,1.3571
2919,53003,1.2568000000000001
2920,53005,1.2103
2921,53007,1.0784
2922,53009,0.03370000000000006
2923,53011,0.05089999999999989
2924,53013,1.4352999999999998
2925,53015,1.1740000000000002
2926,53017,1.2414
2927,53019,1.2942
2928,53021,1.145
2929,53023,1.4721
2930,53025,1.3435000000000001
2931,53027,1.0657
2932,53029,0.1198999999999999
2933,53031,0.41429999999999995
2934,53033,0.5271000000000001
2935,53035,0.18109999999999993
2936,53037,1.1018000000000001
2937,53039,1.0941999999999998
2938,53041,1.3283
2939,53043,1.4888
2940,53045,1.0387
2941,53047,1.1381000000000001
2942,53049,1.0112999999999999
2943,53051,1.3664999999999998
2944,53053,0.11149999999999993
2945,53055,0.5052
2946,53057,0.07480000000000003
2947,53059,1.0947
2948,53061,0.20579999999999993
2949,53063,1.0433
2950,53065,1.4209
2951,53067,0.1864
2952,53069,1.1932
2953,53071,1.0867
2954,53073,0.23930000000000007
2955,53075,0.10019999999999996
2956,53077,1.0768
2957,54001,1.548
2958,54003,1.3122
2959,54005,1.5297
2960,54007,1.4702000000000002
2961,54009,1.4316
2962,54011,1.1801
2963,54013,1.6044999999999998
2964,54015,1.6056
2965,54017,1.7044000000000001
2966,54019,1.3863
2967,54021,1.5308000000000002
2968,54023,1.7738
2969,54025,1.3956
2970,54027,1.6042999999999998
2971,54029,1.4359000000000002
2972,54031,1.5493
2973,54033,1.3763999999999998
2974,54035,1.5097
2975,54037,1.1049
2976,54039,1.1465
2977,54041,1.569
2978,54043,1.5492000000000001
2979,54045,1.6296
2980,54047,1.5844
2981,54049,1.2868
2982,54051,1.4957
2983,54053,1.5323000000000002
2984,54055,1.5442
2985,54057,1.5731
2986,54059,1.7128999999999999
2987,54061,1.0124
2988,54063,1.5737
2989,54065,1.5219
2990,54067,1.5692
2991,54069,1.2578
2992,54071,1.5362
2993,54073,1.5851
2994,54075,1.4608999999999999
2995,54077,1.5509
2996,54079,1.4264999999999999
2997,54081,1.5041
2998,54083,1.4353
2999,54085,1.7151999999999998
3000,54087,1.4785
3001,54089,1.4703
3002,54091,1.4985
3003,54093,1.495
3004,54095,1.6614
3005,54097,1.5394
3006,54099,1.5014
3007,54101,1.6317000000000002
3008,54103,1.5179
3009,54105,1.6288
3010,54107,1.4198
3011,54109,1.7211
3012,55001,1.2565
3013,55003,0.10950000000000004
3014,55005,1.2608000000000001
3015,55007,0.14069999999999988
3016,55009,1.0719
3017,55011,1.2526000000000002
3018,55013,1.2852
3019,55015,1.1963
3020,55017,1.2042
3021,55019,1.3678
3022,55021,1.0153
3023,55023,1.0766
3024,55025,0.5261000000000001
3025,55027,1.3096
3026,55029,0.014600000000000113
3027,55031,0.09289999999999993
3028,55033,1.1393
3029,55035,0.10769999999999996
3030,55037,1.4598
3031,55039,1.2649000000000001
3032,55041,1.3094999999999999
3033,55043,1.1227
3034,55045,0.03180000000000005
3035,55047,1.3582999999999998
3036,55049,0.1372
3037,55051,1.2257
3038,55053,1.1507
3039,55055,1.1523
3040,55057,1.292
3041,55059,1.0313
3042,55061,1.3267
3043,55063,0.13490000000000002
3044,55065,1.1372
3045,55067,1.3247
3046,55069,1.2277
3047,55071,1.2321
3048,55073,1.1800000000000002
3049,55075,1.3454000000000002
3050,55077,1.2736
3051,55078,0.6447
3052,55079,0.39819999999999994
3053,55081,1.2362
3054,55083,1.4096
3055,55085,1.1477
3056,55087,1.0992
3057,55089,1.1202
3058,55091,1.2643
3059,55093,1.1295
3060,55095,1.2746
3061,55097,0.02779999999999999
3062,55099,1.2764
3063,55101,1.0406
3064,55103,1.0972
3065,55105,0.11149999999999993
3066,55107,1.3474
3067,55109,1.1587999999999998
3068,55111,0.01699999999999996
3069,55113,1.1342
3070,55115,1.3556000000000001
3071,55117,1.1591
3072,55119,1.4644
3073,55121,1.1656
3074,55123,1.0478
3075,55125,1.2185000000000001
3076,55127,1.1921
3077,55129,1.2376999999999998
3078,55131,1.3814000000000002
3079,55133,1.208
3080,55135,1.3175
3081,55137,1.3411
3082,55139,1.0396999999999998
3083,55141,1.1923
3084,56001,0.027599999999999958
3085,56003,1.6985000000000001
3086,56005,1.7687
3087,56007,1.5383
3088,56009,1.7252999999999998
3089,56011,1.7946
3090,56013,1.3583
3091,56015,1.5888
3092,56017,1.5886999999999998
3093,56019,1.6073
3094,56021,1.2817
3095,56023,1.6816
3096,56025,1.4756
3097,56027,1.7362000000000002
3098,56029,1.5626
3099,56031,1.6109999999999998
3100,56033,1.4748
3101,56035,1.6188
3102,56037,1.5064000000000002
3103,56039,0.3752000000000001
3104,56041,1.6280999999999999
3105,56043,1.6465
3106,56045,1.7755999999999998
